"seller_id","seller_name","seller_address","seller_delivery_method"
3690,"Seller GSeller NSeller I","Seller Address 57","Express Shipping"
3655,"Seller BSeller ZSeller A","Seller Address 92","Express Shipping"
9616,"Seller PSeller XSeller X","Seller Address 33","Express Shipping"
6413,"Seller TSeller ZSeller M","Seller Address 56","Express Shipping"
8415,"Seller BSeller OSeller M","Seller Address 31","Standard Shipping"
2836,"Seller LSeller ISeller N","Seller Address 42","Standard Shipping"
4423,"Seller LSeller OSeller E","Seller Address 35","Pickup"
7710,"Seller ESeller HSeller N","Seller Address 91","Express Shipping"
5414,"Seller CSeller PSeller R","Seller Address 38","Express Shipping"
2199,"Seller GSeller BSeller Q","Seller Address 5","Courier"
6616,"Seller USeller CSeller K","Seller Address 29","Express Shipping"
3572,"Seller TSeller OSeller K","Seller Address 77","Courier"
7820,"Seller SSeller YSeller I","Seller Address 79","Standard Shipping"
9929,"Seller ZSeller OSeller X","Seller Address 57","Courier"
8061,"Seller RSeller ZSeller O","Seller Address 18","Pickup"
3422,"Seller BSeller ASeller L","Seller Address 10","Pickup"
3056,"Seller CSeller WSeller D","Seller Address 36","Standard Shipping"
9066,"Seller GSeller SSeller I","Seller Address 29","Standard Shipping"
8221,"Seller VSeller XSeller S","Seller Address 76","Standard Shipping"
9014,"Seller ASeller GSeller O","Seller Address 69","Pickup"
4482,"Seller ZSeller ZSeller T","Seller Address 86","Express Shipping"
5453,"Seller PSeller NSeller K","Seller Address 80","Express Shipping"
6375,"Seller JSeller ESeller Q","Seller Address 73","Courier"
5999,"Seller ISeller OSeller S","Seller Address 94","Standard Shipping"
6026,"Seller SSeller YSeller P","Seller Address 36","Express Shipping"
5475,"Seller JSeller PSeller B","Seller Address 8","Express Shipping"
3620,"Seller SSeller XSeller W","Seller Address 13","Express Shipping"
8896,"Seller GSeller GSeller O","Seller Address 51","Standard Shipping"
4335,"Seller KSeller NSeller M","Seller Address 40","Standard Shipping"
1052,"Seller QSeller TSeller I","Seller Address 56","Standard Shipping"
6838,"Seller SSeller HSeller A","Seller Address 95","Express Shipping"
2552,"Seller DSeller ASeller U","Seller Address 84","Standard Shipping"
9530,"Seller SSeller USeller C","Seller Address 86","Standard Shipping"
8229,"Seller FSeller ZSeller Z","Seller Address 8","Pickup"
8487,"Seller KSeller BSeller W","Seller Address 76","Express Shipping"
7263,"Seller LSeller PSeller C","Seller Address 25","Express Shipping"
5563,"Seller OSeller TSeller G","Seller Address 47","Pickup"
6361,"Seller HSeller ASeller M","Seller Address 68","Pickup"
9083,"Seller RSeller PSeller H","Seller Address 70","Standard Shipping"
2405,"Seller ESeller YSeller Z","Seller Address 9","Pickup"
2321,"Seller CSeller TSeller J","Seller Address 53","Pickup"
5302,"Seller WSeller RSeller P","Seller Address 6","Standard Shipping"
8349,"Seller TSeller DSeller C","Seller Address 22","Standard Shipping"
8739,"Seller CSeller OSeller T","Seller Address 26","Courier"
4676,"Seller GSeller GSeller O","Seller Address 90","Courier"
7665,"Seller ESeller QSeller S","Seller Address 19","Standard Shipping"
3528,"Seller HSeller USeller M","Seller Address 15","Pickup"
5671,"Seller TSeller WSeller A","Seller Address 7","Pickup"
3969,"Seller OSeller ESeller C","Seller Address 16","Courier"
1405,"Seller ISeller ASeller V","Seller Address 13","Express Shipping"
2126,"Seller CSeller CSeller Q","Seller Address 76","Courier"
9178,"Seller OSeller ESeller F","Seller Address 66","Standard Shipping"
6325,"Seller GSeller JSeller K","Seller Address 28","Standard Shipping"
8979,"Seller WSeller ESeller L","Seller Address 79","Express Shipping"
1806,"Seller DSeller MSeller G","Seller Address 53","Standard Shipping"
2997,"Seller QSeller MSeller P","Seller Address 86","Standard Shipping"
6144,"Seller WSeller QSeller Z","Seller Address 27","Standard Shipping"
1569,"Seller BSeller ISeller N","Seller Address 12","Pickup"
3029,"Seller VSeller GSeller D","Seller Address 32","Pickup"
4475,"Seller TSeller ASeller N","Seller Address 3","Standard Shipping"
8954,"Seller OSeller WSeller F","Seller Address 90","Express Shipping"
7667,"Seller QSeller WSeller R","Seller Address 45","Courier"
2936,"Seller GSeller NSeller S","Seller Address 33","Express Shipping"
8819,"Seller QSeller WSeller P","Seller Address 100","Express Shipping"
5628,"Seller SSeller ASeller H","Seller Address 82","Pickup"
6767,"Seller ISeller ASeller E","Seller Address 30","Courier"
5701,"Seller ESeller QSeller E","Seller Address 33","Pickup"
8243,"Seller PSeller GSeller D","Seller Address 99","Standard Shipping"
7302,"Seller DSeller OSeller S","Seller Address 19","Courier"
7347,"Seller YSeller GSeller M","Seller Address 61","Express Shipping"
3242,"Seller VSeller TSeller I","Seller Address 54","Standard Shipping"
2821,"Seller USeller WSeller H","Seller Address 66","Pickup"
2437,"Seller XSeller SSeller C","Seller Address 45","Standard Shipping"
2136,"Seller WSeller NSeller L","Seller Address 54","Pickup"
2246,"Seller FSeller MSeller L","Seller Address 99","Express Shipping"
5832,"Seller OSeller ASeller X","Seller Address 60","Pickup"
3604,"Seller ISeller MSeller W","Seller Address 48","Standard Shipping"
6569,"Seller ISeller NSeller B","Seller Address 35","Standard Shipping"
6202,"Seller OSeller BSeller L","Seller Address 10","Express Shipping"
4707,"Seller VSeller ASeller F","Seller Address 68","Express Shipping"
9696,"Seller VSeller DSeller R","Seller Address 60","Courier"
8421,"Seller USeller XSeller H","Seller Address 13","Courier"
9486,"Seller GSeller PSeller K","Seller Address 56","Courier"
8974,"Seller RSeller USeller L","Seller Address 60","Pickup"
7562,"Seller ISeller MSeller V","Seller Address 99","Pickup"
8579,"Seller ISeller NSeller J","Seller Address 35","Standard Shipping"
4854,"Seller CSeller MSeller Q","Seller Address 28","Standard Shipping"
3193,"Seller WSeller WSeller M","Seller Address 25","Express Shipping"
4380,"Seller ISeller VSeller A","Seller Address 46","Standard Shipping"
9656,"Seller ZSeller JSeller L","Seller Address 13","Express Shipping"
9281,"Seller LSeller ASeller V","Seller Address 39","Pickup"
2660,"Seller GSeller HSeller B","Seller Address 8","Standard Shipping"
5971,"Seller DSeller ISeller U","Seller Address 82","Standard Shipping"
5489,"Seller SSeller WSeller A","Seller Address 63","Pickup"
3358,"Seller PSeller DSeller Y","Seller Address 35","Express Shipping"
2011,"Seller DSeller ZSeller Z","Seller Address 3","Express Shipping"
4992,"Seller FSeller MSeller T","Seller Address 28","Courier"
1773,"Seller TSeller FSeller F","Seller Address 67","Express Shipping"
8498,"Seller SSeller PSeller V","Seller Address 41","Pickup"
6463,"Seller XSeller ISeller V","Seller Address 29","Standard Shipping"
5288,"Seller QSeller FSeller U","Seller Address 44","Standard Shipping"
3767,"Seller ASeller ZSeller K","Seller Address 7","Standard Shipping"
1009,"Seller PSeller ASeller A","Seller Address 89","Pickup"
5282,"Seller SSeller RSeller A","Seller Address 38","Courier"
3609,"Seller JSeller ZSeller Q","Seller Address 54","Pickup"
1778,"Seller HSeller LSeller U","Seller Address 59","Courier"
1305,"Seller YSeller JSeller A","Seller Address 77","Pickup"
9853,"Seller HSeller XSeller K","Seller Address 53","Express Shipping"
3771,"Seller YSeller HSeller O","Seller Address 97","Courier"
8077,"Seller ZSeller RSeller W","Seller Address 43","Courier"
3225,"Seller FSeller QSeller I","Seller Address 36","Courier"
6124,"Seller LSeller FSeller X","Seller Address 82","Express Shipping"
3926,"Seller XSeller SSeller C","Seller Address 12","Express Shipping"
8171,"Seller MSeller FSeller R","Seller Address 47","Pickup"
5390,"Seller WSeller SSeller V","Seller Address 71","Express Shipping"
2421,"Seller SSeller ESeller Y","Seller Address 86","Standard Shipping"
6722,"Seller DSeller HSeller I","Seller Address 45","Express Shipping"
7322,"Seller FSeller LSeller T","Seller Address 96","Courier"
9233,"Seller ESeller KSeller Z","Seller Address 79","Standard Shipping"
3473,"Seller YSeller ASeller G","Seller Address 19","Pickup"
7671,"Seller YSeller RSeller M","Seller Address 96","Standard Shipping"
1496,"Seller ESeller ESeller N","Seller Address 29","Standard Shipping"
1301,"Seller YSeller GSeller H","Seller Address 93","Express Shipping"
3019,"Seller QSeller KSeller J","Seller Address 72","Pickup"
1667,"Seller TSeller OSeller K","Seller Address 48","Courier"
7879,"Seller RSeller ESeller J","Seller Address 99","Express Shipping"
6435,"Seller GSeller ZSeller P","Seller Address 59","Standard Shipping"
5727,"Seller DSeller HSeller Y","Seller Address 38","Courier"
7298,"Seller YSeller OSeller N","Seller Address 2","Pickup"
4494,"Seller NSeller BSeller E","Seller Address 44","Courier"
6665,"Seller XSeller HSeller U","Seller Address 30","Express Shipping"
9808,"Seller MSeller SSeller O","Seller Address 42","Pickup"
3812,"Seller CSeller ESeller O","Seller Address 69","Standard Shipping"
5447,"Seller QSeller NSeller J","Seller Address 85","Courier"
2853,"Seller MSeller XSeller Y","Seller Address 42","Pickup"
8637,"Seller RSeller BSeller Z","Seller Address 10","Express Shipping"
2398,"Seller VSeller QSeller L","Seller Address 100","Courier"
1572,"Seller BSeller WSeller P","Seller Address 57","Pickup"
6382,"Seller ZSeller BSeller F","Seller Address 16","Courier"
2431,"Seller DSeller SSeller L","Seller Address 84","Courier"
1983,"Seller JSeller ESeller T","Seller Address 79","Express Shipping"
6525,"Seller MSeller PSeller C","Seller Address 93","Pickup"
6938,"Seller ESeller TSeller I","Seller Address 2","Express Shipping"
1426,"Seller RSeller JSeller E","Seller Address 1","Standard Shipping"
2638,"Seller ASeller VSeller E","Seller Address 69","Standard Shipping"
2968,"Seller GSeller OSeller X","Seller Address 28","Standard Shipping"
4151,"Seller MSeller ASeller A","Seller Address 79","Pickup"
1836,"Seller LSeller CSeller V","Seller Address 36","Standard Shipping"
7208,"Seller ASeller TSeller B","Seller Address 33","Express Shipping"
2781,"Seller WSeller LSeller E","Seller Address 43","Standard Shipping"
9447,"Seller BSeller ASeller M","Seller Address 63","Standard Shipping"
5058,"Seller GSeller FSeller I","Seller Address 70","Pickup"
9685,"Seller USeller WSeller J","Seller Address 42","Express Shipping"
7342,"Seller TSeller VSeller O","Seller Address 71","Standard Shipping"
5087,"Seller GSeller USeller W","Seller Address 28","Express Shipping"
3802,"Seller HSeller HSeller P","Seller Address 30","Standard Shipping"
6796,"Seller OSeller MSeller C","Seller Address 1","Standard Shipping"
5322,"Seller KSeller ESeller A","Seller Address 47","Courier"
3153,"Seller FSeller USeller O","Seller Address 18","Courier"
7768,"Seller RSeller TSeller B","Seller Address 7","Pickup"
5420,"Seller XSeller HSeller U","Seller Address 16","Pickup"
5185,"Seller ZSeller PSeller Z","Seller Address 36","Pickup"
7383,"Seller XSeller PSeller S","Seller Address 23","Express Shipping"
3918,"Seller CSeller PSeller H","Seller Address 2","Pickup"
1625,"Seller ISeller ISeller M","Seller Address 43","Express Shipping"
6721,"Seller XSeller SSeller N","Seller Address 91","Courier"
3818,"Seller SSeller USeller B","Seller Address 95","Standard Shipping"
9762,"Seller SSeller BSeller Z","Seller Address 4","Courier"
1467,"Seller ASeller MSeller Y","Seller Address 14","Standard Shipping"
8839,"Seller RSeller VSeller I","Seller Address 83","Courier"
2328,"Seller HSeller FSeller R","Seller Address 51","Express Shipping"
8717,"Seller YSeller QSeller T","Seller Address 85","Standard Shipping"
7546,"Seller XSeller OSeller Y","Seller Address 1","Pickup"
6015,"Seller ASeller PSeller W","Seller Address 17","Standard Shipping"
2396,"Seller ISeller QSeller H","Seller Address 58","Express Shipping"
9257,"Seller DSeller PSeller U","Seller Address 19","Courier"
9868,"Seller JSeller PSeller E","Seller Address 60","Standard Shipping"
4497,"Seller SSeller MSeller X","Seller Address 74","Standard Shipping"
4348,"Seller USeller WSeller K","Seller Address 36","Pickup"
8978,"Seller TSeller LSeller F","Seller Address 94","Express Shipping"
6171,"Seller ASeller XSeller C","Seller Address 78","Pickup"
1814,"Seller FSeller FSeller Z","Seller Address 79","Courier"
5146,"Seller MSeller KSeller X","Seller Address 98","Pickup"
8026,"Seller SSeller FSeller Y","Seller Address 65","Standard Shipping"
7507,"Seller WSeller YSeller L","Seller Address 83","Pickup"
8945,"Seller ESeller SSeller E","Seller Address 70","Courier"
9791,"Seller ZSeller ISeller J","Seller Address 10","Standard Shipping"
2529,"Seller NSeller VSeller B","Seller Address 60","Courier"
7500,"Seller PSeller ESeller J","Seller Address 39","Pickup"
9961,"Seller PSeller DSeller U","Seller Address 52","Courier"
5979,"Seller XSeller XSeller R","Seller Address 11","Pickup"
4061,"Seller KSeller TSeller U","Seller Address 40","Standard Shipping"
9248,"Seller FSeller ZSeller N","Seller Address 54","Courier"
7179,"Seller QSeller PSeller Z","Seller Address 84","Pickup"
7110,"Seller MSeller RSeller L","Seller Address 50","Standard Shipping"
4984,"Seller FSeller JSeller Y","Seller Address 63","Courier"
5936,"Seller DSeller XSeller M","Seller Address 25","Express Shipping"
9367,"Seller XSeller BSeller Q","Seller Address 18","Express Shipping"
3759,"Seller LSeller KSeller V","Seller Address 77","Pickup"
8139,"Seller USeller RSeller S","Seller Address 98","Courier"
6164,"Seller YSeller YSeller R","Seller Address 63","Courier"
3632,"Seller YSeller ESeller U","Seller Address 25","Express Shipping"
7419,"Seller OSeller DSeller E","Seller Address 50","Pickup"
4543,"Seller NSeller CSeller C","Seller Address 41","Standard Shipping"
2809,"Seller JSeller KSeller Q","Seller Address 35","Courier"
9942,"Seller VSeller FSeller H","Seller Address 42","Express Shipping"
9509,"Seller GSeller WSeller C","Seller Address 28","Courier"
8392,"Seller ASeller USeller Z","Seller Address 18","Standard Shipping"
2685,"Seller KSeller GSeller V","Seller Address 88","Express Shipping"
5728,"Seller GSeller USeller O","Seller Address 81","Courier"
6091,"Seller YSeller VSeller I","Seller Address 26","Standard Shipping"
2296,"Seller GSeller MSeller R","Seller Address 76","Courier"
5031,"Seller PSeller WSeller T","Seller Address 17","Express Shipping"
8760,"Seller GSeller KSeller L","Seller Address 90","Pickup"
3284,"Seller CSeller JSeller I","Seller Address 69","Courier"
6854,"Seller XSeller ESeller E","Seller Address 90","Express Shipping"
5677,"Seller ZSeller ESeller J","Seller Address 27","Standard Shipping"
3756,"Seller PSeller HSeller U","Seller Address 48","Courier"
2444,"Seller QSeller HSeller U","Seller Address 1","Pickup"
1411,"Seller ZSeller JSeller W","Seller Address 12","Express Shipping"
9331,"Seller VSeller LSeller I","Seller Address 93","Express Shipping"
2348,"Seller DSeller LSeller Z","Seller Address 29","Pickup"
6461,"Seller VSeller ESeller Y","Seller Address 41","Pickup"
2618,"Seller VSeller LSeller H","Seller Address 20","Pickup"
3253,"Seller USeller MSeller Y","Seller Address 78","Standard Shipping"
8729,"Seller SSeller WSeller O","Seller Address 60","Pickup"
7371,"Seller VSeller XSeller X","Seller Address 77","Pickup"
9574,"Seller PSeller USeller K","Seller Address 36","Pickup"
9162,"Seller FSeller HSeller K","Seller Address 7","Pickup"
1456,"Seller QSeller TSeller V","Seller Address 25","Express Shipping"
1424,"Seller ESeller LSeller D","Seller Address 30","Standard Shipping"
6872,"Seller VSeller MSeller Z","Seller Address 9","Courier"
3704,"Seller CSeller YSeller Q","Seller Address 31","Express Shipping"
7565,"Seller ISeller KSeller M","Seller Address 15","Pickup"
7510,"Seller WSeller DSeller M","Seller Address 98","Pickup"
4408,"Seller TSeller ASeller O","Seller Address 24","Courier"
4171,"Seller PSeller ESeller D","Seller Address 14","Courier"
2402,"Seller ISeller GSeller L","Seller Address 77","Courier"
1074,"Seller LSeller ZSeller U","Seller Address 1","Standard Shipping"
6000,"Seller ISeller NSeller G","Seller Address 29","Standard Shipping"
9034,"Seller KSeller ZSeller W","Seller Address 85","Pickup"
5739,"Seller BSeller WSeller A","Seller Address 89","Courier"
2342,"Seller GSeller YSeller L","Seller Address 42","Standard Shipping"
8613,"Seller BSeller SSeller F","Seller Address 21","Express Shipping"
5249,"Seller ISeller ISeller F","Seller Address 100","Pickup"
1046,"Seller VSeller XSeller U","Seller Address 42","Courier"
8105,"Seller XSeller ESeller T","Seller Address 86","Express Shipping"
6314,"Seller JSeller FSeller B","Seller Address 81","Pickup"
4500,"Seller JSeller BSeller N","Seller Address 48","Pickup"
2187,"Seller TSeller HSeller N","Seller Address 85","Standard Shipping"
7782,"Seller PSeller KSeller Z","Seller Address 35","Pickup"
6384,"Seller TSeller FSeller V","Seller Address 27","Pickup"
6402,"Seller DSeller PSeller F","Seller Address 11","Pickup"
1559,"Seller GSeller VSeller V","Seller Address 15","Express Shipping"
8642,"Seller QSeller RSeller H","Seller Address 79","Express Shipping"
6007,"Seller ESeller VSeller O","Seller Address 55","Express Shipping"
3739,"Seller XSeller CSeller S","Seller Address 28","Standard Shipping"
5923,"Seller ESeller ESeller R","Seller Address 46","Express Shipping"
1935,"Seller ESeller CSeller Q","Seller Address 13","Pickup"
7957,"Seller RSeller DSeller T","Seller Address 27","Pickup"
9184,"Seller ESeller YSeller M","Seller Address 89","Courier"
8621,"Seller HSeller RSeller B","Seller Address 58","Courier"
1578,"Seller USeller NSeller M","Seller Address 35","Courier"
1322,"Seller KSeller USeller F","Seller Address 46","Express Shipping"
3581,"Seller PSeller SSeller X","Seller Address 22","Courier"
6473,"Seller ASeller PSeller K","Seller Address 44","Pickup"
5129,"Seller LSeller YSeller V","Seller Address 71","Courier"
3084,"Seller BSeller VSeller S","Seller Address 96","Express Shipping"
9359,"Seller BSeller SSeller R","Seller Address 65","Standard Shipping"
7037,"Seller LSeller FSeller A","Seller Address 6","Courier"
6584,"Seller FSeller USeller H","Seller Address 13","Express Shipping"
5125,"Seller ZSeller HSeller D","Seller Address 20","Standard Shipping"
7869,"Seller MSeller SSeller V","Seller Address 21","Standard Shipping"
7755,"Seller QSeller BSeller A","Seller Address 80","Standard Shipping"
3025,"Seller VSeller CSeller V","Seller Address 54","Courier"
1363,"Seller CSeller XSeller P","Seller Address 66","Standard Shipping"
2512,"Seller ESeller FSeller P","Seller Address 42","Pickup"
2732,"Seller ESeller BSeller C","Seller Address 43","Pickup"
6814,"Seller QSeller JSeller A","Seller Address 27","Courier"
8774,"Seller SSeller PSeller K","Seller Address 43","Courier"
6253,"Seller GSeller JSeller M","Seller Address 90","Pickup"
5737,"Seller JSeller ISeller V","Seller Address 38","Pickup"
3386,"Seller ESeller KSeller I","Seller Address 22","Pickup"
4275,"Seller PSeller ZSeller L","Seller Address 55","Pickup"
5198,"Seller HSeller JSeller O","Seller Address 77","Standard Shipping"
8129,"Seller SSeller LSeller U","Seller Address 87","Express Shipping"
1303,"Seller YSeller CSeller A","Seller Address 76","Standard Shipping"
6012,"Seller KSeller JSeller S","Seller Address 28","Standard Shipping"
2473,"Seller ISeller WSeller Q","Seller Address 79","Standard Shipping"
8953,"Seller RSeller HSeller I","Seller Address 17","Courier"
7576,"Seller BSeller MSeller L","Seller Address 96","Standard Shipping"
7379,"Seller ISeller RSeller W","Seller Address 76","Pickup"
2569,"Seller ASeller PSeller P","Seller Address 92","Express Shipping"
1320,"Seller SSeller TSeller C","Seller Address 11","Express Shipping"
3980,"Seller PSeller JSeller A","Seller Address 17","Express Shipping"
6837,"Seller KSeller RSeller Y","Seller Address 97","Express Shipping"
6075,"Seller FSeller USeller B","Seller Address 28","Standard Shipping"
6457,"Seller MSeller PSeller V","Seller Address 60","Express Shipping"
7960,"Seller GSeller BSeller Z","Seller Address 93","Express Shipping"
6638,"Seller RSeller WSeller K","Seller Address 74","Express Shipping"
1003,"Seller ISeller ESeller H","Seller Address 57","Express Shipping"
6766,"Seller XSeller OSeller N","Seller Address 66","Pickup"
6476,"Seller ASeller USeller U","Seller Address 5","Pickup"
8693,"Seller CSeller CSeller G","Seller Address 20","Standard Shipping"
2673,"Seller BSeller DSeller P","Seller Address 70","Courier"
7252,"Seller ESeller CSeller N","Seller Address 25","Express Shipping"
6606,"Seller USeller QSeller C","Seller Address 37","Pickup"
8787,"Seller QSeller LSeller L","Seller Address 84","Pickup"
6273,"Seller MSeller DSeller N","Seller Address 15","Courier"
6822,"Seller LSeller GSeller E","Seller Address 23","Courier"
3420,"Seller DSeller SSeller I","Seller Address 48","Pickup"
6989,"Seller ISeller HSeller K","Seller Address 2","Courier"
9384,"Seller ASeller MSeller S","Seller Address 66","Standard Shipping"
1594,"Seller ASeller ISeller M","Seller Address 60","Express Shipping"
9842,"Seller GSeller RSeller V","Seller Address 38","Courier"
1389,"Seller WSeller ASeller U","Seller Address 81","Pickup"
9324,"Seller TSeller LSeller F","Seller Address 58","Standard Shipping"
3571,"Seller USeller ESeller F","Seller Address 23","Courier"
3901,"Seller YSeller HSeller T","Seller Address 44","Pickup"
3866,"Seller FSeller NSeller Q","Seller Address 68","Standard Shipping"
1151,"Seller LSeller DSeller N","Seller Address 96","Courier"
5770,"Seller DSeller BSeller O","Seller Address 65","Express Shipping"
3786,"Seller NSeller ISeller I","Seller Address 28","Courier"
2315,"Seller ASeller ZSeller J","Seller Address 26","Express Shipping"
3964,"Seller YSeller QSeller J","Seller Address 62","Pickup"
9492,"Seller TSeller BSeller K","Seller Address 75","Express Shipping"
7449,"Seller QSeller MSeller I","Seller Address 50","Courier"
3689,"Seller NSeller RSeller G","Seller Address 24","Pickup"
4577,"Seller NSeller JSeller E","Seller Address 75","Pickup"
6247,"Seller JSeller TSeller W","Seller Address 100","Express Shipping"
5847,"Seller NSeller MSeller Z","Seller Address 58","Courier"
8252,"Seller FSeller QSeller B","Seller Address 4","Pickup"
3412,"Seller LSeller BSeller V","Seller Address 91","Express Shipping"
8669,"Seller LSeller ISeller T","Seller Address 45","Courier"
5367,"Seller WSeller ZSeller W","Seller Address 70","Standard Shipping"
9348,"Seller YSeller FSeller W","Seller Address 65","Express Shipping"
7940,"Seller JSeller TSeller F","Seller Address 13","Pickup"
4530,"Seller PSeller ISeller P","Seller Address 84","Express Shipping"
6321,"Seller RSeller JSeller E","Seller Address 50","Pickup"
7020,"Seller YSeller LSeller H","Seller Address 84","Pickup"
8038,"Seller USeller BSeller U","Seller Address 44","Courier"
9813,"Seller LSeller YSeller N","Seller Address 14","Express Shipping"
1950,"Seller ASeller BSeller L","Seller Address 68","Standard Shipping"
4682,"Seller HSeller VSeller C","Seller Address 22","Pickup"
6399,"Seller VSeller KSeller X","Seller Address 45","Pickup"
7299,"Seller SSeller VSeller R","Seller Address 71","Pickup"
6135,"Seller KSeller QSeller M","Seller Address 89","Express Shipping"
7368,"Seller ZSeller PSeller F","Seller Address 37","Courier"
3096,"Seller XSeller BSeller E","Seller Address 8","Standard Shipping"
5954,"Seller LSeller ZSeller S","Seller Address 94","Express Shipping"
8850,"Seller ESeller USeller H","Seller Address 5","Express Shipping"
2164,"Seller ISeller MSeller S","Seller Address 6","Pickup"
5553,"Seller VSeller ZSeller X","Seller Address 89","Standard Shipping"
1890,"Seller TSeller SSeller L","Seller Address 16","Courier"
8269,"Seller BSeller HSeller W","Seller Address 91","Pickup"
7205,"Seller PSeller KSeller J","Seller Address 33","Express Shipping"
7742,"Seller WSeller MSeller X","Seller Address 16","Pickup"
7133,"Seller QSeller VSeller Q","Seller Address 79","Courier"
3822,"Seller CSeller MSeller P","Seller Address 42","Pickup"
1262,"Seller CSeller DSeller U","Seller Address 72","Courier"
4285,"Seller ZSeller WSeller W","Seller Address 55","Pickup"
1913,"Seller SSeller FSeller S","Seller Address 13","Courier"
9713,"Seller YSeller OSeller K","Seller Address 48","Pickup"
8408,"Seller NSeller NSeller U","Seller Address 14","Courier"
6074,"Seller ASeller USeller T","Seller Address 49","Courier"
8240,"Seller LSeller NSeller D","Seller Address 81","Standard Shipping"
7656,"Seller ISeller OSeller V","Seller Address 1","Standard Shipping"
1473,"Seller LSeller FSeller V","Seller Address 31","Pickup"
2945,"Seller MSeller USeller Y","Seller Address 38","Express Shipping"
9578,"Seller JSeller ASeller I","Seller Address 12","Express Shipping"
8928,"Seller GSeller ESeller H","Seller Address 27","Courier"
3227,"Seller PSeller HSeller J","Seller Address 20","Courier"
4699,"Seller ZSeller PSeller W","Seller Address 16","Courier"
6524,"Seller RSeller YSeller S","Seller Address 9","Courier"
9737,"Seller CSeller YSeller K","Seller Address 90","Courier"
1985,"Seller NSeller MSeller O","Seller Address 69","Express Shipping"
9785,"Seller ESeller OSeller W","Seller Address 25","Courier"
9538,"Seller VSeller CSeller J","Seller Address 28","Express Shipping"
7756,"Seller BSeller LSeller Z","Seller Address 14","Courier"
3577,"Seller CSeller WSeller R","Seller Address 92","Pickup"
9102,"Seller RSeller CSeller S","Seller Address 2","Express Shipping"
8734,"Seller HSeller DSeller R","Seller Address 17","Express Shipping"
1613,"Seller WSeller NSeller D","Seller Address 12","Express Shipping"
8563,"Seller WSeller RSeller X","Seller Address 54","Pickup"
3774,"Seller YSeller XSeller W","Seller Address 20","Standard Shipping"
6743,"Seller DSeller GSeller X","Seller Address 54","Pickup"
5255,"Seller ASeller LSeller L","Seller Address 60","Express Shipping"
1534,"Seller ISeller ESeller F","Seller Address 20","Standard Shipping"
8033,"Seller NSeller OSeller D","Seller Address 44","Express Shipping"
6760,"Seller QSeller JSeller I","Seller Address 8","Standard Shipping"
1291,"Seller RSeller TSeller D","Seller Address 4","Express Shipping"
4118,"Seller RSeller PSeller V","Seller Address 61","Express Shipping"
7732,"Seller NSeller ESeller Z","Seller Address 5","Pickup"
7609,"Seller GSeller NSeller M","Seller Address 31","Courier"
3091,"Seller NSeller QSeller E","Seller Address 95","Courier"
7228,"Seller KSeller KSeller T","Seller Address 98","Standard Shipping"
2531,"Seller TSeller JSeller E","Seller Address 6","Courier"
4136,"Seller VSeller RSeller C","Seller Address 71","Standard Shipping"
6881,"Seller BSeller FSeller V","Seller Address 73","Express Shipping"
5679,"Seller RSeller ISeller J","Seller Address 92","Standard Shipping"
1244,"Seller DSeller ESeller R","Seller Address 66","Pickup"
7198,"Seller HSeller USeller A","Seller Address 4","Standard Shipping"
2769,"Seller VSeller ISeller Q","Seller Address 30","Pickup"
8220,"Seller LSeller JSeller S","Seller Address 19","Courier"
3205,"Seller BSeller MSeller K","Seller Address 45","Express Shipping"
3033,"Seller YSeller GSeller N","Seller Address 79","Pickup"
8073,"Seller ASeller USeller D","Seller Address 83","Pickup"
8811,"Seller USeller XSeller F","Seller Address 51","Courier"
6439,"Seller YSeller HSeller D","Seller Address 21","Courier"
9614,"Seller OSeller SSeller V","Seller Address 91","Courier"
5411,"Seller BSeller ESeller V","Seller Address 46","Express Shipping"
9886,"Seller HSeller LSeller B","Seller Address 62","Pickup"
2992,"Seller NSeller ZSeller O","Seller Address 65","Standard Shipping"
9454,"Seller TSeller NSeller V","Seller Address 13","Pickup"
2913,"Seller ISeller KSeller R","Seller Address 81","Express Shipping"
2292,"Seller ASeller LSeller K","Seller Address 97","Courier"
2125,"Seller MSeller USeller F","Seller Address 23","Express Shipping"
1416,"Seller YSeller FSeller G","Seller Address 75","Standard Shipping"
3176,"Seller YSeller JSeller I","Seller Address 96","Pickup"
3060,"Seller WSeller DSeller H","Seller Address 8","Courier"
2394,"Seller PSeller ASeller G","Seller Address 11","Courier"
5724,"Seller BSeller XSeller T","Seller Address 61","Courier"
3790,"Seller ISeller SSeller S","Seller Address 23","Pickup"
6401,"Seller TSeller YSeller W","Seller Address 37","Courier"
8066,"Seller ISeller XSeller W","Seller Address 56","Courier"
6274,"Seller XSeller TSeller N","Seller Address 78","Express Shipping"
3088,"Seller XSeller ZSeller W","Seller Address 5","Courier"
9726,"Seller GSeller KSeller K","Seller Address 77","Courier"
2055,"Seller DSeller YSeller C","Seller Address 8","Courier"
8882,"Seller CSeller QSeller Y","Seller Address 30","Pickup"
4430,"Seller ASeller HSeller P","Seller Address 30","Standard Shipping"
5226,"Seller CSeller XSeller M","Seller Address 13","Courier"
8721,"Seller SSeller FSeller S","Seller Address 61","Pickup"
6071,"Seller ISeller WSeller G","Seller Address 37","Standard Shipping"
6844,"Seller RSeller MSeller B","Seller Address 16","Pickup"
3223,"Seller PSeller VSeller H","Seller Address 34","Pickup"
9480,"Seller QSeller BSeller D","Seller Address 58","Courier"
7750,"Seller XSeller USeller U","Seller Address 86","Courier"
5584,"Seller DSeller BSeller M","Seller Address 95","Express Shipping"
4286,"Seller USeller OSeller C","Seller Address 78","Standard Shipping"
7843,"Seller QSeller RSeller M","Seller Address 60","Pickup"
6632,"Seller GSeller QSeller N","Seller Address 42","Standard Shipping"
3351,"Seller XSeller PSeller V","Seller Address 7","Express Shipping"
3075,"Seller YSeller ASeller T","Seller Address 67","Pickup"
2066,"Seller HSeller CSeller Z","Seller Address 16","Standard Shipping"
9290,"Seller NSeller PSeller X","Seller Address 26","Express Shipping"
9044,"Seller QSeller XSeller H","Seller Address 58","Express Shipping"
2695,"Seller HSeller FSeller Q","Seller Address 71","Express Shipping"
3196,"Seller RSeller MSeller G","Seller Address 18","Pickup"
6397,"Seller QSeller RSeller H","Seller Address 12","Courier"
3769,"Seller QSeller XSeller Q","Seller Address 96","Standard Shipping"
9723,"Seller GSeller XSeller M","Seller Address 61","Express Shipping"
3573,"Seller ZSeller CSeller C","Seller Address 81","Courier"
7010,"Seller ESeller ESeller T","Seller Address 48","Standard Shipping"
1779,"Seller TSeller RSeller Q","Seller Address 60","Express Shipping"
8209,"Seller ESeller WSeller A","Seller Address 46","Express Shipping"
9915,"Seller TSeller XSeller J","Seller Address 90","Pickup"
2370,"Seller DSeller RSeller M","Seller Address 10","Express Shipping"
6540,"Seller FSeller PSeller L","Seller Address 44","Courier"
9860,"Seller ESeller VSeller D","Seller Address 100","Standard Shipping"
8025,"Seller BSeller VSeller I","Seller Address 65","Courier"
9775,"Seller KSeller NSeller M","Seller Address 20","Pickup"
9939,"Seller GSeller WSeller B","Seller Address 63","Standard Shipping"
1901,"Seller SSeller PSeller B","Seller Address 77","Courier"
7902,"Seller LSeller CSeller L","Seller Address 48","Courier"
9169,"Seller JSeller GSeller X","Seller Address 41","Standard Shipping"
1742,"Seller YSeller PSeller H","Seller Address 62","Courier"
6006,"Seller LSeller MSeller I","Seller Address 29","Pickup"
9697,"Seller CSeller GSeller O","Seller Address 13","Pickup"
1085,"Seller RSeller ASeller Y","Seller Address 2","Express Shipping"
6775,"Seller XSeller TSeller V","Seller Address 13","Standard Shipping"
8674,"Seller PSeller HSeller X","Seller Address 74","Pickup"
3053,"Seller MSeller OSeller M","Seller Address 48","Courier"
4425,"Seller BSeller PSeller F","Seller Address 89","Pickup"
5755,"Seller XSeller SSeller P","Seller Address 93","Standard Shipping"
6744,"Seller DSeller MSeller Z","Seller Address 35","Courier"
7854,"Seller ZSeller KSeller E","Seller Address 86","Express Shipping"
5361,"Seller USeller ZSeller M","Seller Address 18","Courier"
6640,"Seller XSeller NSeller C","Seller Address 50","Express Shipping"
4974,"Seller ASeller ASeller O","Seller Address 84","Express Shipping"
8497,"Seller WSeller BSeller R","Seller Address 36","Express Shipping"
4359,"Seller ZSeller BSeller P","Seller Address 8","Pickup"
8337,"Seller YSeller RSeller S","Seller Address 35","Express Shipping"
3141,"Seller XSeller HSeller Q","Seller Address 50","Standard Shipping"
8513,"Seller FSeller ASeller N","Seller Address 41","Pickup"
9167,"Seller MSeller PSeller E","Seller Address 76","Courier"
1139,"Seller CSeller SSeller P","Seller Address 42","Pickup"
6418,"Seller SSeller KSeller I","Seller Address 57","Pickup"
3903,"Seller ASeller LSeller G","Seller Address 84","Standard Shipping"
3710,"Seller XSeller ZSeller N","Seller Address 66","Express Shipping"
7022,"Seller VSeller GSeller H","Seller Address 6","Express Shipping"
5668,"Seller MSeller ASeller Z","Seller Address 94","Express Shipping"
1178,"Seller YSeller ZSeller W","Seller Address 41","Courier"
3109,"Seller GSeller GSeller A","Seller Address 30","Pickup"
3619,"Seller ESeller VSeller P","Seller Address 95","Pickup"
7761,"Seller SSeller JSeller K","Seller Address 29","Standard Shipping"
7769,"Seller XSeller FSeller Q","Seller Address 26","Courier"
7150,"Seller GSeller SSeller V","Seller Address 72","Courier"
9555,"Seller ISeller VSeller P","Seller Address 55","Standard Shipping"
1352,"Seller JSeller SSeller Z","Seller Address 51","Pickup"
6158,"Seller NSeller RSeller T","Seller Address 5","Courier"
9236,"Seller SSeller ASeller Y","Seller Address 13","Express Shipping"
7042,"Seller LSeller PSeller I","Seller Address 36","Pickup"
9468,"Seller BSeller USeller Z","Seller Address 53","Courier"
7899,"Seller OSeller DSeller I","Seller Address 3","Standard Shipping"
9980,"Seller RSeller ZSeller G","Seller Address 97","Pickup"
6424,"Seller FSeller USeller A","Seller Address 2","Express Shipping"
8331,"Seller VSeller ISeller E","Seller Address 5","Express Shipping"
2690,"Seller FSeller KSeller M","Seller Address 33","Courier"
3177,"Seller QSeller JSeller O","Seller Address 14","Standard Shipping"
2320,"Seller NSeller XSeller F","Seller Address 85","Express Shipping"
8633,"Seller YSeller XSeller O","Seller Address 76","Courier"
2265,"Seller TSeller ESeller J","Seller Address 24","Express Shipping"
4143,"Seller ESeller FSeller V","Seller Address 88","Courier"
8830,"Seller LSeller PSeller J","Seller Address 92","Standard Shipping"
4817,"Seller MSeller ASeller S","Seller Address 32","Express Shipping"
7093,"Seller KSeller JSeller O","Seller Address 24","Pickup"
5516,"Seller FSeller JSeller C","Seller Address 80","Courier"
7425,"Seller LSeller RSeller V","Seller Address 63","Courier"
1640,"Seller ZSeller XSeller W","Seller Address 8","Pickup"
7697,"Seller BSeller NSeller W","Seller Address 81","Express Shipping"
5780,"Seller ZSeller XSeller U","Seller Address 62","Pickup"
1774,"Seller RSeller OSeller A","Seller Address 38","Standard Shipping"
5507,"Seller HSeller VSeller U","Seller Address 77","Pickup"
4447,"Seller GSeller YSeller I","Seller Address 83","Courier"
2757,"Seller VSeller LSeller T","Seller Address 86","Pickup"
1029,"Seller SSeller HSeller O","Seller Address 18","Courier"
4023,"Seller SSeller BSeller K","Seller Address 93","Express Shipping"
5769,"Seller XSeller TSeller P","Seller Address 61","Standard Shipping"
2929,"Seller TSeller ISeller U","Seller Address 56","Express Shipping"
7963,"Seller SSeller WSeller F","Seller Address 62","Standard Shipping"
7049,"Seller DSeller ISeller F","Seller Address 33","Courier"
5300,"Seller BSeller GSeller G","Seller Address 51","Pickup"
5781,"Seller CSeller CSeller V","Seller Address 25","Pickup"
4438,"Seller OSeller FSeller V","Seller Address 39","Express Shipping"
3496,"Seller DSeller RSeller C","Seller Address 72","Standard Shipping"
4936,"Seller ZSeller DSeller J","Seller Address 15","Pickup"
9427,"Seller SSeller ESeller Y","Seller Address 81","Pickup"
6591,"Seller CSeller KSeller E","Seller Address 41","Express Shipping"
4009,"Seller TSeller HSeller D","Seller Address 15","Courier"
2554,"Seller CSeller YSeller O","Seller Address 9","Courier"
5304,"Seller SSeller TSeller O","Seller Address 86","Pickup"
8588,"Seller ESeller RSeller N","Seller Address 60","Express Shipping"
3785,"Seller ISeller ESeller D","Seller Address 8","Pickup"
2679,"Seller YSeller BSeller Z","Seller Address 10","Courier"
4465,"Seller XSeller USeller F","Seller Address 13","Standard Shipping"
5372,"Seller RSeller OSeller Z","Seller Address 82","Express Shipping"
8552,"Seller RSeller ZSeller Q","Seller Address 14","Courier"
7961,"Seller USeller SSeller W","Seller Address 100","Express Shipping"
3016,"Seller KSeller RSeller T","Seller Address 36","Pickup"
4457,"Seller NSeller ZSeller C","Seller Address 45","Standard Shipping"
3437,"Seller ZSeller DSeller G","Seller Address 51","Pickup"
8914,"Seller YSeller BSeller D","Seller Address 63","Courier"
1432,"Seller JSeller JSeller A","Seller Address 36","Courier"
6535,"Seller ZSeller KSeller X","Seller Address 51","Express Shipping"
7445,"Seller NSeller ESeller X","Seller Address 4","Pickup"
4122,"Seller RSeller YSeller D","Seller Address 80","Standard Shipping"
6617,"Seller QSeller BSeller V","Seller Address 1","Express Shipping"
1357,"Seller SSeller QSeller D","Seller Address 12","Standard Shipping"
3953,"Seller USeller USeller E","Seller Address 69","Pickup"
8972,"Seller OSeller WSeller N","Seller Address 10","Courier"
8600,"Seller NSeller DSeller U","Seller Address 36","Express Shipping"
4092,"Seller SSeller KSeller J","Seller Address 49","Pickup"
7544,"Seller MSeller PSeller Q","Seller Address 88","Express Shipping"
4608,"Seller NSeller RSeller F","Seller Address 20","Pickup"
9909,"Seller XSeller BSeller V","Seller Address 97","Pickup"
3256,"Seller YSeller ESeller N","Seller Address 22","Express Shipping"
2436,"Seller ASeller VSeller Y","Seller Address 57","Pickup"
6140,"Seller GSeller MSeller W","Seller Address 48","Express Shipping"
9040,"Seller PSeller OSeller E","Seller Address 16","Courier"
2516,"Seller GSeller PSeller K","Seller Address 89","Standard Shipping"
3345,"Seller DSeller SSeller M","Seller Address 24","Standard Shipping"
3919,"Seller SSeller LSeller K","Seller Address 15","Pickup"
1238,"Seller BSeller GSeller G","Seller Address 96","Courier"
1957,"Seller CSeller DSeller M","Seller Address 75","Courier"
6859,"Seller PSeller BSeller N","Seller Address 93","Pickup"
3909,"Seller XSeller TSeller A","Seller Address 73","Pickup"
8705,"Seller DSeller WSeller R","Seller Address 100","Express Shipping"
5678,"Seller CSeller ASeller F","Seller Address 20","Standard Shipping"
3830,"Seller GSeller ISeller U","Seller Address 91","Courier"
4635,"Seller NSeller NSeller G","Seller Address 36","Courier"
2449,"Seller QSeller XSeller B","Seller Address 51","Express Shipping"
4185,"Seller XSeller MSeller S","Seller Address 57","Courier"
7084,"Seller ESeller VSeller C","Seller Address 30","Pickup"
9356,"Seller HSeller SSeller J","Seller Address 58","Pickup"
1981,"Seller CSeller GSeller J","Seller Address 26","Express Shipping"
2718,"Seller VSeller PSeller G","Seller Address 31","Standard Shipping"
4103,"Seller USeller MSeller D","Seller Address 51","Pickup"
2590,"Seller LSeller PSeller N","Seller Address 67","Courier"
8175,"Seller ESeller ISeller W","Seller Address 70","Courier"
7717,"Seller OSeller ZSeller C","Seller Address 11","Pickup"
4982,"Seller FSeller FSeller V","Seller Address 71","Express Shipping"
8765,"Seller KSeller MSeller K","Seller Address 33","Courier"
8179,"Seller QSeller RSeller B","Seller Address 36","Pickup"
3244,"Seller XSeller RSeller N","Seller Address 88","Express Shipping"
3349,"Seller CSeller SSeller Z","Seller Address 83","Courier"
9911,"Seller QSeller TSeller Z","Seller Address 88","Pickup"
3566,"Seller KSeller ASeller R","Seller Address 27","Standard Shipping"
6792,"Seller YSeller MSeller T","Seller Address 54","Pickup"
3494,"Seller ISeller ISeller F","Seller Address 99","Standard Shipping"
8581,"Seller NSeller OSeller U","Seller Address 84","Standard Shipping"
7534,"Seller NSeller GSeller X","Seller Address 52","Pickup"
6543,"Seller WSeller QSeller Q","Seller Address 88","Standard Shipping"
5362,"Seller USeller SSeller E","Seller Address 99","Express Shipping"
8158,"Seller BSeller PSeller W","Seller Address 1","Courier"
9012,"Seller NSeller KSeller K","Seller Address 43","Pickup"
1440,"Seller ESeller PSeller Q","Seller Address 15","Pickup"
3963,"Seller NSeller ZSeller T","Seller Address 12","Standard Shipping"
3314,"Seller ASeller TSeller D","Seller Address 43","Standard Shipping"
8285,"Seller ASeller WSeller H","Seller Address 93","Standard Shipping"
4609,"Seller USeller PSeller C","Seller Address 86","Pickup"
5082,"Seller TSeller KSeller C","Seller Address 68","Express Shipping"
5615,"Seller YSeller GSeller K","Seller Address 20","Pickup"
3361,"Seller RSeller VSeller G","Seller Address 25","Pickup"
4937,"Seller ESeller ASeller Y","Seller Address 46","Standard Shipping"
7369,"Seller OSeller USeller Q","Seller Address 37","Pickup"
8460,"Seller DSeller ISeller H","Seller Address 17","Standard Shipping"
5637,"Seller TSeller USeller M","Seller Address 80","Courier"
2694,"Seller ISeller ASeller M","Seller Address 51","Express Shipping"
8973,"Seller OSeller JSeller P","Seller Address 44","Pickup"
1231,"Seller LSeller ZSeller X","Seller Address 27","Standard Shipping"
3150,"Seller JSeller CSeller B","Seller Address 23","Express Shipping"
6472,"Seller CSeller XSeller Q","Seller Address 3","Express Shipping"
1415,"Seller VSeller MSeller K","Seller Address 10","Pickup"
6200,"Seller ESeller ASeller E","Seller Address 22","Express Shipping"
7264,"Seller JSeller YSeller L","Seller Address 50","Pickup"
4005,"Seller NSeller ASeller A","Seller Address 15","Standard Shipping"
2312,"Seller GSeller JSeller C","Seller Address 51","Pickup"
3000,"Seller FSeller JSeller E","Seller Address 64","Standard Shipping"
4785,"Seller KSeller OSeller O","Seller Address 27","Courier"
1209,"Seller YSeller RSeller G","Seller Address 91","Courier"
7296,"Seller WSeller PSeller H","Seller Address 36","Standard Shipping"
7623,"Seller ZSeller ASeller W","Seller Address 17","Pickup"
3682,"Seller MSeller SSeller M","Seller Address 45","Express Shipping"
2243,"Seller BSeller ESeller S","Seller Address 38","Express Shipping"
2753,"Seller RSeller QSeller M","Seller Address 75","Express Shipping"
9278,"Seller ASeller LSeller M","Seller Address 72","Pickup"
8080,"Seller MSeller ESeller P","Seller Address 9","Express Shipping"
4216,"Seller QSeller HSeller D","Seller Address 40","Express Shipping"
6425,"Seller ESeller WSeller M","Seller Address 82","Pickup"
7647,"Seller ISeller CSeller B","Seller Address 11","Standard Shipping"
1527,"Seller MSeller CSeller O","Seller Address 38","Pickup"
6212,"Seller BSeller LSeller C","Seller Address 32","Express Shipping"
8131,"Seller BSeller SSeller D","Seller Address 79","Courier"
6824,"Seller YSeller MSeller B","Seller Address 23","Standard Shipping"
7178,"Seller FSeller TSeller Q","Seller Address 46","Express Shipping"
6060,"Seller FSeller NSeller W","Seller Address 89","Express Shipping"
7398,"Seller ISeller KSeller L","Seller Address 74","Standard Shipping"
7311,"Seller BSeller OSeller K","Seller Address 86","Express Shipping"
1136,"Seller ASeller MSeller I","Seller Address 39","Express Shipping"
3501,"Seller VSeller WSeller Y","Seller Address 88","Express Shipping"
2820,"Seller ASeller YSeller L","Seller Address 64","Express Shipping"
3439,"Seller LSeller FSeller Z","Seller Address 62","Courier"
7924,"Seller GSeller ASeller P","Seller Address 17","Courier"
2140,"Seller GSeller HSeller C","Seller Address 21","Courier"
1345,"Seller SSeller PSeller D","Seller Address 17","Express Shipping"
1666,"Seller FSeller HSeller M","Seller Address 91","Courier"
7126,"Seller ASeller PSeller U","Seller Address 43","Standard Shipping"
2860,"Seller JSeller GSeller R","Seller Address 8","Standard Shipping"
8701,"Seller MSeller TSeller D","Seller Address 15","Courier"
2584,"Seller DSeller HSeller S","Seller Address 35","Courier"
2237,"Seller OSeller HSeller V","Seller Address 100","Express Shipping"
5395,"Seller JSeller FSeller K","Seller Address 79","Pickup"
1142,"Seller GSeller BSeller W","Seller Address 58","Standard Shipping"
6052,"Seller RSeller CSeller V","Seller Address 42","Pickup"
9970,"Seller RSeller USeller J","Seller Address 64","Courier"
2874,"Seller MSeller ZSeller R","Seller Address 80","Pickup"
7893,"Seller BSeller USeller S","Seller Address 18","Courier"
1793,"Seller SSeller BSeller W","Seller Address 29","Courier"
5976,"Seller CSeller BSeller E","Seller Address 58","Express Shipping"
4075,"Seller LSeller XSeller A","Seller Address 83","Standard Shipping"
2599,"Seller LSeller RSeller P","Seller Address 54","Express Shipping"
5730,"Seller KSeller ASeller I","Seller Address 4","Courier"
7947,"Seller GSeller QSeller D","Seller Address 33","Courier"
8102,"Seller TSeller TSeller M","Seller Address 94","Express Shipping"
9712,"Seller HSeller RSeller A","Seller Address 3","Standard Shipping"
2800,"Seller FSeller DSeller Q","Seller Address 28","Pickup"
7101,"Seller ASeller OSeller Z","Seller Address 35","Courier"
8609,"Seller ZSeller NSeller Z","Seller Address 65","Express Shipping"
1388,"Seller ISeller NSeller T","Seller Address 59","Express Shipping"
1004,"Seller ASeller GSeller V","Seller Address 34","Express Shipping"
1237,"Seller ZSeller GSeller W","Seller Address 97","Courier"
6063,"Seller ZSeller XSeller C","Seller Address 76","Pickup"
9996,"Seller VSeller PSeller E","Seller Address 62","Express Shipping"
3392,"Seller SSeller HSeller P","Seller Address 57","Standard Shipping"
1421,"Seller USeller QSeller M","Seller Address 64","Standard Shipping"
2710,"Seller WSeller YSeller Z","Seller Address 61","Express Shipping"
8768,"Seller ASeller JSeller N","Seller Address 7","Courier"
9027,"Seller JSeller VSeller I","Seller Address 7","Express Shipping"
5772,"Seller WSeller FSeller Q","Seller Address 7","Pickup"
1418,"Seller XSeller ZSeller U","Seller Address 7","Courier"
6262,"Seller ZSeller YSeller C","Seller Address 6","Express Shipping"
4637,"Seller PSeller MSeller P","Seller Address 15","Standard Shipping"
2850,"Seller FSeller BSeller M","Seller Address 59","Express Shipping"
7143,"Seller OSeller YSeller U","Seller Address 86","Pickup"
9345,"Seller VSeller GSeller U","Seller Address 78","Pickup"
4860,"Seller LSeller PSeller M","Seller Address 71","Express Shipping"
8922,"Seller BSeller WSeller S","Seller Address 60","Pickup"
5183,"Seller QSeller USeller W","Seller Address 24","Express Shipping"
4453,"Seller ASeller TSeller X","Seller Address 98","Courier"
2386,"Seller ASeller XSeller Q","Seller Address 8","Pickup"
7297,"Seller QSeller NSeller V","Seller Address 60","Express Shipping"
2054,"Seller WSeller FSeller V","Seller Address 52","Express Shipping"
4914,"Seller QSeller WSeller C","Seller Address 34","Pickup"
6562,"Seller GSeller BSeller Q","Seller Address 73","Express Shipping"
4360,"Seller XSeller JSeller M","Seller Address 83","Courier"
6698,"Seller HSeller YSeller C","Seller Address 63","Standard Shipping"
4695,"Seller GSeller LSeller S","Seller Address 42","Express Shipping"
4955,"Seller LSeller ZSeller D","Seller Address 75","Pickup"
8312,"Seller ISeller OSeller I","Seller Address 97","Standard Shipping"
2403,"Seller ISeller KSeller Q","Seller Address 25","Courier"
5054,"Seller RSeller ISeller X","Seller Address 90","Courier"
7482,"Seller BSeller NSeller T","Seller Address 84","Pickup"
9513,"Seller QSeller QSeller F","Seller Address 11","Express Shipping"
2700,"Seller NSeller PSeller B","Seller Address 1","Courier"
2375,"Seller BSeller MSeller D","Seller Address 64","Standard Shipping"
8267,"Seller QSeller LSeller V","Seller Address 9","Express Shipping"
3529,"Seller ESeller DSeller W","Seller Address 17","Express Shipping"
9763,"Seller BSeller QSeller E","Seller Address 46","Courier"
1737,"Seller WSeller RSeller C","Seller Address 96","Express Shipping"
3415,"Seller HSeller MSeller F","Seller Address 22","Standard Shipping"
8564,"Seller QSeller DSeller P","Seller Address 84","Express Shipping"
3907,"Seller HSeller USeller G","Seller Address 74","Pickup"
8965,"Seller NSeller YSeller K","Seller Address 72","Express Shipping"
5202,"Seller ESeller BSeller D","Seller Address 68","Pickup"
7608,"Seller ASeller YSeller S","Seller Address 27","Standard Shipping"
7734,"Seller HSeller YSeller J","Seller Address 79","Express Shipping"
8591,"Seller ISeller USeller U","Seller Address 94","Pickup"
4753,"Seller GSeller OSeller W","Seller Address 86","Pickup"
9503,"Seller TSeller GSeller L","Seller Address 1","Courier"
7575,"Seller CSeller VSeller E","Seller Address 45","Pickup"
2911,"Seller DSeller USeller W","Seller Address 75","Pickup"
7467,"Seller VSeller PSeller S","Seller Address 9","Courier"
3294,"Seller DSeller BSeller W","Seller Address 59","Pickup"
5231,"Seller SSeller MSeller O","Seller Address 22","Express Shipping"
4097,"Seller RSeller USeller D","Seller Address 88","Pickup"
3760,"Seller USeller XSeller O","Seller Address 22","Standard Shipping"
4108,"Seller NSeller RSeller K","Seller Address 74","Courier"
6554,"Seller HSeller HSeller F","Seller Address 9","Standard Shipping"
5748,"Seller ASeller KSeller F","Seller Address 63","Courier"
6030,"Seller NSeller HSeller M","Seller Address 8","Express Shipping"
2442,"Seller QSeller MSeller E","Seller Address 11","Express Shipping"
1220,"Seller HSeller TSeller T","Seller Address 75","Courier"
3094,"Seller NSeller ZSeller I","Seller Address 26","Courier"
2783,"Seller OSeller DSeller F","Seller Address 41","Courier"
5340,"Seller WSeller TSeller U","Seller Address 38","Express Shipping"
7324,"Seller OSeller VSeller T","Seller Address 24","Courier"
7184,"Seller TSeller NSeller J","Seller Address 37","Courier"
6804,"Seller LSeller ZSeller U","Seller Address 25","Express Shipping"
7922,"Seller WSeller GSeller S","Seller Address 31","Express Shipping"
8341,"Seller JSeller VSeller J","Seller Address 57","Express Shipping"
2279,"Seller FSeller YSeller C","Seller Address 23","Standard Shipping"
9752,"Seller ESeller FSeller Z","Seller Address 74","Pickup"
6944,"Seller BSeller ASeller N","Seller Address 88","Standard Shipping"
9168,"Seller XSeller LSeller W","Seller Address 58","Pickup"
2067,"Seller PSeller FSeller N","Seller Address 82","Pickup"
9341,"Seller ESeller ESeller M","Seller Address 29","Express Shipping"
3365,"Seller BSeller JSeller V","Seller Address 94","Courier"
1236,"Seller WSeller KSeller I","Seller Address 75","Express Shipping"
7679,"Seller ISeller FSeller H","Seller Address 58","Courier"
1013,"Seller TSeller SSeller Z","Seller Address 3","Standard Shipping"
9663,"Seller FSeller WSeller K","Seller Address 93","Courier"
5149,"Seller ESeller RSeller S","Seller Address 93","Courier"
2490,"Seller QSeller RSeller D","Seller Address 84","Pickup"
8322,"Seller ASeller USeller S","Seller Address 71","Standard Shipping"
4245,"Seller XSeller ZSeller J","Seller Address 70","Pickup"
7423,"Seller TSeller RSeller I","Seller Address 85","Standard Shipping"
3214,"Seller ESeller NSeller D","Seller Address 89","Express Shipping"
2869,"Seller WSeller ZSeller S","Seller Address 37","Standard Shipping"
7192,"Seller KSeller JSeller J","Seller Address 35","Standard Shipping"
6574,"Seller JSeller XSeller O","Seller Address 8","Standard Shipping"
8355,"Seller ASeller OSeller D","Seller Address 74","Courier"
9126,"Seller GSeller KSeller X","Seller Address 63","Standard Shipping"
2730,"Seller HSeller MSeller K","Seller Address 87","Courier"
7063,"Seller YSeller ISeller D","Seller Address 61","Courier"
8317,"Seller PSeller PSeller D","Seller Address 21","Express Shipping"
2358,"Seller DSeller OSeller M","Seller Address 1","Standard Shipping"
3875,"Seller ZSeller WSeller C","Seller Address 93","Express Shipping"
8163,"Seller JSeller BSeller E","Seller Address 40","Pickup"
3454,"Seller DSeller TSeller T","Seller Address 54","Pickup"
9165,"Seller RSeller LSeller B","Seller Address 18","Standard Shipping"
6281,"Seller ESeller GSeller C","Seller Address 23","Standard Shipping"
3461,"Seller LSeller XSeller F","Seller Address 38","Courier"
1457,"Seller NSeller VSeller N","Seller Address 6","Pickup"
1181,"Seller ESeller USeller M","Seller Address 96","Courier"
9328,"Seller OSeller WSeller M","Seller Address 76","Pickup"
4911,"Seller TSeller WSeller X","Seller Address 67","Courier"
5327,"Seller MSeller ESeller B","Seller Address 77","Courier"
6810,"Seller LSeller MSeller V","Seller Address 16","Pickup"
3970,"Seller DSeller XSeller D","Seller Address 58","Express Shipping"
6975,"Seller TSeller BSeller J","Seller Address 38","Courier"
4621,"Seller ISeller CSeller S","Seller Address 1","Standard Shipping"
4925,"Seller DSeller XSeller D","Seller Address 51","Pickup"
9764,"Seller ESeller VSeller W","Seller Address 3","Express Shipping"
4725,"Seller CSeller QSeller S","Seller Address 82","Express Shipping"
8835,"Seller RSeller KSeller T","Seller Address 72","Pickup"
9148,"Seller NSeller LSeller I","Seller Address 58","Pickup"
5308,"Seller OSeller ISeller S","Seller Address 88","Courier"
4694,"Seller YSeller YSeller A","Seller Address 38","Courier"
8403,"Seller FSeller CSeller Y","Seller Address 83","Pickup"
8117,"Seller OSeller CSeller H","Seller Address 43","Express Shipping"
6662,"Seller GSeller SSeller D","Seller Address 95","Express Shipping"
4825,"Seller RSeller DSeller Y","Seller Address 42","Standard Shipping"
2002,"Seller RSeller YSeller E","Seller Address 60","Courier"
8810,"Seller YSeller CSeller V","Seller Address 24","Express Shipping"
2282,"Seller VSeller HSeller Z","Seller Address 69","Express Shipping"
2373,"Seller QSeller USeller M","Seller Address 38","Standard Shipping"
2291,"Seller OSeller VSeller H","Seller Address 95","Courier"
8469,"Seller CSeller QSeller D","Seller Address 79","Standard Shipping"
2044,"Seller BSeller WSeller D","Seller Address 51","Courier"
9218,"Seller SSeller CSeller J","Seller Address 47","Pickup"
7027,"Seller ZSeller ASeller A","Seller Address 32","Express Shipping"
4950,"Seller JSeller JSeller J","Seller Address 38","Standard Shipping"
9684,"Seller XSeller LSeller B","Seller Address 82","Express Shipping"
8759,"Seller YSeller RSeller T","Seller Address 84","Express Shipping"
8479,"Seller ESeller XSeller J","Seller Address 73","Express Shipping"
2216,"Seller YSeller CSeller S","Seller Address 77","Standard Shipping"
8135,"Seller ZSeller XSeller G","Seller Address 46","Pickup"
2795,"Seller HSeller ISeller Y","Seller Address 69","Express Shipping"
9386,"Seller ASeller MSeller U","Seller Address 47","Pickup"
3348,"Seller XSeller ZSeller M","Seller Address 95","Standard Shipping"
2047,"Seller ZSeller XSeller Z","Seller Address 52","Courier"
2772,"Seller CSeller ZSeller I","Seller Address 82","Express Shipping"
7212,"Seller TSeller RSeller U","Seller Address 50","Courier"
8132,"Seller HSeller VSeller T","Seller Address 9","Express Shipping"
8696,"Seller RSeller DSeller A","Seller Address 76","Express Shipping"
5650,"Seller XSeller RSeller P","Seller Address 14","Courier"
3813,"Seller HSeller VSeller A","Seller Address 13","Courier"
1329,"Seller LSeller BSeller G","Seller Address 4","Standard Shipping"
7833,"Seller MSeller ISeller O","Seller Address 55","Courier"
5614,"Seller XSeller ZSeller X","Seller Address 96","Standard Shipping"
5490,"Seller DSeller SSeller I","Seller Address 70","Express Shipping"
7273,"Seller GSeller ASeller D","Seller Address 74","Express Shipping"
8826,"Seller JSeller ZSeller L","Seller Address 88","Pickup"
5589,"Seller ISeller USeller T","Seller Address 8","Standard Shipping"
5933,"Seller LSeller RSeller O","Seller Address 96","Express Shipping"
3324,"Seller USeller SSeller W","Seller Address 77","Express Shipping"
9270,"Seller YSeller PSeller E","Seller Address 22","Express Shipping"
2648,"Seller DSeller NSeller Y","Seller Address 87","Courier"
6150,"Seller USeller OSeller P","Seller Address 58","Standard Shipping"
4003,"Seller CSeller YSeller O","Seller Address 59","Courier"
8444,"Seller NSeller TSeller X","Seller Address 7","Pickup"
1355,"Seller FSeller MSeller H","Seller Address 78","Courier"
2670,"Seller JSeller HSeller V","Seller Address 98","Express Shipping"
4591,"Seller TSeller CSeller Y","Seller Address 20","Courier"
7945,"Seller SSeller XSeller F","Seller Address 70","Courier"
8142,"Seller YSeller USeller Q","Seller Address 74","Pickup"
1513,"Seller YSeller SSeller I","Seller Address 40","Standard Shipping"
4312,"Seller YSeller USeller X","Seller Address 99","Express Shipping"
1844,"Seller ISeller BSeller A","Seller Address 88","Courier"
4729,"Seller BSeller HSeller I","Seller Address 75","Pickup"
8375,"Seller ESeller VSeller U","Seller Address 32","Express Shipping"
4645,"Seller YSeller YSeller F","Seller Address 37","Pickup"
8257,"Seller VSeller PSeller Q","Seller Address 64","Standard Shipping"
9138,"Seller CSeller TSeller X","Seller Address 29","Standard Shipping"
6857,"Seller FSeller BSeller M","Seller Address 84","Pickup"
4378,"Seller ISeller NSeller E","Seller Address 8","Standard Shipping"
5924,"Seller NSeller ISeller Q","Seller Address 11","Standard Shipping"
6184,"Seller JSeller LSeller C","Seller Address 42","Express Shipping"
4248,"Seller USeller ZSeller L","Seller Address 93","Pickup"
3320,"Seller HSeller NSeller L","Seller Address 44","Courier"
2768,"Seller JSeller PSeller R","Seller Address 72","Express Shipping"
3230,"Seller XSeller WSeller C","Seller Address 31","Standard Shipping"
6971,"Seller CSeller WSeller A","Seller Address 2","Courier"
1917,"Seller XSeller ZSeller Y","Seller Address 87","Standard Shipping"
1977,"Seller ISeller KSeller G","Seller Address 58","Pickup"
6769,"Seller USeller KSeller C","Seller Address 78","Pickup"
8091,"Seller KSeller ESeller V","Seller Address 52","Standard Shipping"
2991,"Seller RSeller MSeller T","Seller Address 89","Express Shipping"
7654,"Seller OSeller WSeller F","Seller Address 2","Courier"
5359,"Seller XSeller QSeller G","Seller Address 75","Express Shipping"
9274,"Seller WSeller TSeller H","Seller Address 39","Pickup"
5338,"Seller ISeller CSeller U","Seller Address 42","Express Shipping"
3155,"Seller ESeller USeller U","Seller Address 32","Express Shipping"
6590,"Seller HSeller OSeller M","Seller Address 33","Pickup"
7936,"Seller DSeller NSeller Y","Seller Address 12","Express Shipping"
9888,"Seller PSeller LSeller G","Seller Address 63","Courier"
4972,"Seller RSeller ESeller N","Seller Address 45","Standard Shipping"
5215,"Seller FSeller GSeller I","Seller Address 77","Standard Shipping"
9074,"Seller VSeller GSeller M","Seller Address 63","Pickup"
9424,"Seller ISeller SSeller H","Seller Address 1","Express Shipping"
2866,"Seller ZSeller ZSeller H","Seller Address 28","Courier"
4161,"Seller WSeller FSeller C","Seller Address 90","Courier"
6706,"Seller GSeller BSeller C","Seller Address 86","Courier"
4186,"Seller SSeller FSeller G","Seller Address 47","Express Shipping"
5161,"Seller FSeller VSeller W","Seller Address 11","Express Shipping"
6228,"Seller RSeller MSeller L","Seller Address 19","Express Shipping"
7506,"Seller GSeller BSeller J","Seller Address 49","Pickup"
2785,"Seller RSeller USeller V","Seller Address 71","Standard Shipping"
1253,"Seller DSeller JSeller O","Seller Address 96","Pickup"
1294,"Seller QSeller PSeller O","Seller Address 28","Standard Shipping"
5043,"Seller JSeller BSeller M","Seller Address 15","Standard Shipping"
5400,"Seller SSeller BSeller K","Seller Address 56","Express Shipping"
9675,"Seller ESeller ESeller Q","Seller Address 85","Pickup"
9545,"Seller FSeller XSeller E","Seller Address 24","Express Shipping"
3477,"Seller VSeller BSeller M","Seller Address 97","Pickup"
8428,"Seller YSeller FSeller R","Seller Address 77","Courier"
1017,"Seller MSeller NSeller X","Seller Address 75","Courier"
1210,"Seller OSeller XSeller A","Seller Address 42","Pickup"
1202,"Seller BSeller XSeller I","Seller Address 65","Standard Shipping"
2502,"Seller ASeller QSeller Q","Seller Address 78","Express Shipping"
5108,"Seller VSeller FSeller X","Seller Address 62","Standard Shipping"
2682,"Seller JSeller ESeller X","Seller Address 12","Standard Shipping"
8799,"Seller TSeller NSeller R","Seller Address 47","Pickup"
1694,"Seller RSeller FSeller K","Seller Address 32","Express Shipping"
7125,"Seller BSeller YSeller J","Seller Address 2","Express Shipping"
9630,"Seller XSeller NSeller H","Seller Address 79","Pickup"
7954,"Seller NSeller PSeller E","Seller Address 13","Pickup"
4207,"Seller DSeller YSeller K","Seller Address 35","Courier"
3132,"Seller ESeller NSeller M","Seller Address 56","Standard Shipping"
5443,"Seller KSeller CSeller H","Seller Address 14","Pickup"
8101,"Seller TSeller LSeller G","Seller Address 30","Courier"
3797,"Seller JSeller DSeller R","Seller Address 51","Standard Shipping"
3838,"Seller RSeller RSeller H","Seller Address 67","Standard Shipping"
5946,"Seller DSeller BSeller Z","Seller Address 33","Courier"
3318,"Seller USeller YSeller O","Seller Address 52","Pickup"
4810,"Seller JSeller JSeller C","Seller Address 28","Courier"
7460,"Seller NSeller CSeller J","Seller Address 37","Courier"
8930,"Seller JSeller CSeller C","Seller Address 34","Express Shipping"
9077,"Seller ASeller XSeller I","Seller Address 21","Courier"
3241,"Seller DSeller WSeller O","Seller Address 20","Express Shipping"
8194,"Seller FSeller TSeller G","Seller Address 10","Standard Shipping"
2060,"Seller RSeller HSeller A","Seller Address 56","Pickup"
4391,"Seller NSeller PSeller A","Seller Address 37","Pickup"
6333,"Seller QSeller ISeller U","Seller Address 26","Pickup"
5651,"Seller ESeller SSeller I","Seller Address 20","Standard Shipping"
6117,"Seller JSeller LSeller U","Seller Address 100","Express Shipping"
7884,"Seller FSeller SSeller Q","Seller Address 75","Courier"
8291,"Seller FSeller FSeller N","Seller Address 1","Pickup"
4874,"Seller PSeller LSeller H","Seller Address 40","Standard Shipping"
3757,"Seller TSeller ISeller B","Seller Address 70","Courier"
3127,"Seller OSeller RSeller U","Seller Address 63","Courier"
4028,"Seller OSeller XSeller I","Seller Address 63","Courier"
1189,"Seller TSeller RSeller V","Seller Address 35","Standard Shipping"
8559,"Seller VSeller VSeller I","Seller Address 86","Express Shipping"
2556,"Seller ASeller OSeller T","Seller Address 16","Express Shipping"
4219,"Seller GSeller MSeller Q","Seller Address 47","Pickup"
8929,"Seller LSeller USeller X","Seller Address 15","Standard Shipping"
2104,"Seller YSeller WSeller W","Seller Address 16","Courier"
2605,"Seller LSeller YSeller B","Seller Address 78","Courier"
3561,"Seller ZSeller WSeller O","Seller Address 38","Pickup"
5153,"Seller FSeller ZSeller M","Seller Address 44","Courier"
3120,"Seller CSeller LSeller B","Seller Address 56","Courier"
4372,"Seller FSeller ASeller O","Seller Address 70","Standard Shipping"
8596,"Seller PSeller PSeller T","Seller Address 63","Pickup"
5168,"Seller CSeller SSeller R","Seller Address 57","Courier"
1966,"Seller HSeller JSeller B","Seller Address 62","Pickup"
7847,"Seller TSeller FSeller P","Seller Address 63","Express Shipping"
5577,"Seller CSeller DSeller A","Seller Address 98","Express Shipping"
9919,"Seller PSeller TSeller C","Seller Address 73","Pickup"
2411,"Seller ESeller WSeller X","Seller Address 19","Pickup"
2154,"Seller KSeller JSeller Q","Seller Address 2","Express Shipping"
6549,"Seller KSeller JSeller U","Seller Address 85","Express Shipping"
5306,"Seller VSeller CSeller G","Seller Address 39","Express Shipping"
9690,"Seller OSeller TSeller A","Seller Address 61","Pickup"
3920,"Seller FSeller WSeller O","Seller Address 16","Standard Shipping"
2520,"Seller QSeller YSeller U","Seller Address 19","Standard Shipping"
6779,"Seller OSeller CSeller P","Seller Address 99","Courier"
5406,"Seller RSeller KSeller Q","Seller Address 41","Express Shipping"
2380,"Seller MSeller OSeller H","Seller Address 53","Express Shipping"
6021,"Seller ESeller ESeller F","Seller Address 36","Standard Shipping"
2580,"Seller NSeller NSeller O","Seller Address 6","Express Shipping"
2103,"Seller RSeller ZSeller F","Seller Address 11","Express Shipping"
4283,"Seller ESeller GSeller S","Seller Address 59","Express Shipping"
5410,"Seller TSeller XSeller G","Seller Address 61","Pickup"
9409,"Seller QSeller GSeller A","Seller Address 6","Express Shipping"
9078,"Seller KSeller NSeller V","Seller Address 58","Express Shipping"
1940,"Seller ESeller SSeller B","Seller Address 12","Courier"
9475,"Seller OSeller FSeller B","Seller Address 74","Courier"
4657,"Seller JSeller TSeller Z","Seller Address 75","Standard Shipping"
7429,"Seller USeller FSeller M","Seller Address 70","Courier"
5386,"Seller ESeller OSeller F","Seller Address 42","Standard Shipping"
9395,"Seller HSeller TSeller K","Seller Address 12","Standard Shipping"
5845,"Seller ASeller ISeller S","Seller Address 88","Standard Shipping"
5741,"Seller JSeller FSeller S","Seller Address 30","Pickup"
8737,"Seller DSeller GSeller V","Seller Address 73","Standard Shipping"
7930,"Seller KSeller USeller U","Seller Address 2","Express Shipping"
3807,"Seller MSeller RSeller N","Seller Address 29","Express Shipping"
3015,"Seller XSeller USeller Q","Seller Address 27","Standard Shipping"
4477,"Seller PSeller KSeller F","Seller Address 98","Standard Shipping"
5313,"Seller MSeller GSeller T","Seller Address 58","Pickup"
5705,"Seller YSeller SSeller E","Seller Address 84","Pickup"
5715,"Seller HSeller JSeller J","Seller Address 91","Express Shipping"
1875,"Seller SSeller OSeller K","Seller Address 11","Express Shipping"
5236,"Seller GSeller GSeller M","Seller Address 8","Courier"
2688,"Seller MSeller YSeller W","Seller Address 42","Express Shipping"
5399,"Seller XSeller BSeller O","Seller Address 62","Pickup"
2548,"Seller WSeller LSeller V","Seller Address 68","Courier"
8374,"Seller ASeller ISeller I","Seller Address 73","Standard Shipping"
8225,"Seller WSeller FSeller T","Seller Address 3","Courier"
1019,"Seller WSeller FSeller G","Seller Address 85","Standard Shipping"
6480,"Seller ISeller NSeller V","Seller Address 11","Courier"
1969,"Seller HSeller VSeller V","Seller Address 53","Standard Shipping"
7745,"Seller ZSeller FSeller K","Seller Address 63","Express Shipping"
2939,"Seller GSeller CSeller M","Seller Address 93","Courier"
9594,"Seller WSeller TSeller F","Seller Address 36","Courier"
6657,"Seller DSeller USeller F","Seller Address 33","Courier"
9772,"Seller ZSeller DSeller D","Seller Address 44","Pickup"
5188,"Seller MSeller GSeller V","Seller Address 81","Courier"
4373,"Seller SSeller TSeller P","Seller Address 38","Express Shipping"
8718,"Seller WSeller LSeller L","Seller Address 46","Standard Shipping"
3143,"Seller KSeller ESeller C","Seller Address 65","Courier"
7659,"Seller JSeller TSeller G","Seller Address 96","Pickup"
1949,"Seller PSeller OSeller C","Seller Address 4","Courier"
6513,"Seller OSeller USeller O","Seller Address 64","Pickup"
1300,"Seller ESeller MSeller J","Seller Address 20","Standard Shipping"
2585,"Seller USeller OSeller O","Seller Address 61","Express Shipping"
9372,"Seller TSeller SSeller Q","Seller Address 61","Courier"
8483,"Seller FSeller XSeller U","Seller Address 44","Standard Shipping"
8893,"Seller FSeller QSeller O","Seller Address 61","Courier"
3462,"Seller JSeller FSeller P","Seller Address 58","Pickup"
5266,"Seller SSeller OSeller J","Seller Address 82","Pickup"
3666,"Seller PSeller YSeller M","Seller Address 5","Courier"
3842,"Seller GSeller BSeller S","Seller Address 46","Courier"
8678,"Seller VSeller BSeller S","Seller Address 6","Standard Shipping"
4598,"Seller HSeller GSeller M","Seller Address 40","Standard Shipping"
1604,"Seller ASeller VSeller D","Seller Address 75","Standard Shipping"
9807,"Seller KSeller WSeller N","Seller Address 72","Standard Shipping"
8356,"Seller JSeller ZSeller H","Seller Address 6","Courier"
6870,"Seller TSeller USeller H","Seller Address 27","Courier"
7111,"Seller XSeller ASeller R","Seller Address 55","Pickup"
3792,"Seller HSeller OSeller U","Seller Address 15","Courier"
9964,"Seller NSeller ASeller Z","Seller Address 44","Pickup"
6357,"Seller OSeller VSeller V","Seller Address 32","Courier"
1378,"Seller HSeller ZSeller A","Seller Address 52","Courier"
9781,"Seller VSeller YSeller L","Seller Address 76","Standard Shipping"
9731,"Seller OSeller DSeller R","Seller Address 66","Courier"
7552,"Seller QSeller CSeller Y","Seller Address 4","Pickup"
8332,"Seller MSeller ESeller B","Seller Address 17","Pickup"
1493,"Seller WSeller BSeller Q","Seller Address 68","Standard Shipping"
7917,"Seller RSeller XSeller C","Seller Address 37","Pickup"
2892,"Seller ZSeller KSeller E","Seller Address 74","Express Shipping"
6477,"Seller LSeller NSeller Z","Seller Address 5","Pickup"
6836,"Seller ISeller HSeller K","Seller Address 56","Courier"
9722,"Seller RSeller RSeller G","Seller Address 34","Standard Shipping"
5793,"Seller DSeller NSeller D","Seller Address 7","Courier"
6979,"Seller GSeller ASeller F","Seller Address 13","Standard Shipping"
4152,"Seller ISeller ZSeller P","Seller Address 73","Courier"
6890,"Seller TSeller ZSeller L","Seller Address 72","Standard Shipping"
4764,"Seller CSeller ISeller S","Seller Address 18","Express Shipping"
2186,"Seller KSeller BSeller J","Seller Address 95","Standard Shipping"
7801,"Seller CSeller HSeller Y","Seller Address 43","Express Shipping"
7004,"Seller BSeller RSeller U","Seller Address 94","Pickup"
7775,"Seller KSeller ZSeller O","Seller Address 15","Standard Shipping"
5119,"Seller JSeller ASeller X","Seller Address 100","Pickup"
7465,"Seller LSeller ISeller V","Seller Address 95","Pickup"
7606,"Seller BSeller SSeller W","Seller Address 54","Express Shipping"
9638,"Seller KSeller KSeller H","Seller Address 19","Express Shipping"
4093,"Seller OSeller QSeller O","Seller Address 79","Courier"
2100,"Seller BSeller DSeller P","Seller Address 71","Standard Shipping"
8416,"Seller ISeller WSeller P","Seller Address 64","Standard Shipping"
4892,"Seller OSeller FSeller N","Seller Address 19","Express Shipping"
4756,"Seller ISeller JSeller D","Seller Address 25","Express Shipping"
7227,"Seller RSeller LSeller J","Seller Address 83","Express Shipping"
9758,"Seller ISeller KSeller E","Seller Address 79","Pickup"
3471,"Seller CSeller NSeller U","Seller Address 92","Express Shipping"
3839,"Seller BSeller KSeller L","Seller Address 70","Pickup"
1161,"Seller GSeller LSeller J","Seller Address 97","Express Shipping"
4856,"Seller CSeller ASeller H","Seller Address 13","Standard Shipping"
1288,"Seller ASeller OSeller B","Seller Address 44","Pickup"
8683,"Seller KSeller JSeller P","Seller Address 12","Standard Shipping"
9694,"Seller WSeller SSeller O","Seller Address 4","Pickup"
5616,"Seller ISeller RSeller R","Seller Address 96","Standard Shipping"
4490,"Seller ISeller GSeller J","Seller Address 46","Courier"
6819,"Seller ISeller QSeller U","Seller Address 21","Express Shipping"
4714,"Seller CSeller YSeller U","Seller Address 15","Express Shipping"
7350,"Seller NSeller USeller I","Seller Address 75","Standard Shipping"
8302,"Seller PSeller VSeller N","Seller Address 31","Standard Shipping"
8515,"Seller MSeller HSeller V","Seller Address 51","Standard Shipping"
9689,"Seller SSeller SSeller L","Seller Address 97","Express Shipping"
1175,"Seller DSeller VSeller G","Seller Address 99","Pickup"
2645,"Seller GSeller SSeller L","Seller Address 78","Courier"
8879,"Seller YSeller VSeller N","Seller Address 93","Standard Shipping"
7435,"Seller ZSeller ASeller H","Seller Address 61","Pickup"
7213,"Seller ESeller DSeller Q","Seller Address 95","Courier"
9652,"Seller ISeller KSeller E","Seller Address 78","Standard Shipping"
1058,"Seller WSeller OSeller K","Seller Address 22","Express Shipping"
5508,"Seller SSeller RSeller X","Seller Address 53","Express Shipping"
6069,"Seller NSeller OSeller X","Seller Address 2","Pickup"
4674,"Seller ISeller LSeller T","Seller Address 74","Pickup"
6986,"Seller LSeller VSeller F","Seller Address 20","Standard Shipping"
9940,"Seller XSeller NSeller M","Seller Address 63","Pickup"
6603,"Seller ZSeller QSeller L","Seller Address 49","Express Shipping"
1903,"Seller LSeller TSeller G","Seller Address 91","Courier"
8463,"Seller YSeller DSeller A","Seller Address 12","Express Shipping"
8361,"Seller USeller PSeller F","Seller Address 18","Pickup"
6267,"Seller QSeller ISeller Y","Seller Address 55","Courier"
1219,"Seller BSeller ZSeller L","Seller Address 99","Pickup"
8691,"Seller LSeller RSeller Q","Seller Address 4","Pickup"
2572,"Seller RSeller HSeller G","Seller Address 6","Standard Shipping"
5907,"Seller GSeller MSeller W","Seller Address 12","Pickup"
3981,"Seller NSeller HSeller X","Seller Address 54","Courier"
2378,"Seller BSeller MSeller N","Seller Address 7","Standard Shipping"
3723,"Seller YSeller MSeller Z","Seller Address 18","Standard Shipping"
7468,"Seller TSeller WSeller W","Seller Address 63","Pickup"
8763,"Seller JSeller WSeller D","Seller Address 88","Courier"
1323,"Seller FSeller WSeller S","Seller Address 100","Pickup"
7523,"Seller XSeller XSeller L","Seller Address 48","Pickup"
2702,"Seller KSeller RSeller W","Seller Address 79","Pickup"
6041,"Seller SSeller CSeller L","Seller Address 8","Courier"
6828,"Seller MSeller XSeller T","Seller Address 48","Express Shipping"
6893,"Seller VSeller USeller B","Seller Address 1","Pickup"
6334,"Seller RSeller WSeller O","Seller Address 2","Standard Shipping"
6245,"Seller HSeller QSeller R","Seller Address 39","Standard Shipping"
2145,"Seller WSeller QSeller L","Seller Address 59","Express Shipping"
9995,"Seller TSeller ESeller T","Seller Address 76","Standard Shipping"
5611,"Seller JSeller HSeller C","Seller Address 37","Standard Shipping"
4935,"Seller USeller XSeller A","Seller Address 85","Courier"
8344,"Seller NSeller SSeller O","Seller Address 80","Standard Shipping"
3777,"Seller PSeller ESeller V","Seller Address 52","Standard Shipping"
7584,"Seller PSeller SSeller Q","Seller Address 83","Pickup"
5606,"Seller TSeller JSeller R","Seller Address 68","Pickup"
6930,"Seller ISeller KSeller F","Seller Address 5","Standard Shipping"
1093,"Seller VSeller ZSeller K","Seller Address 49","Express Shipping"
3727,"Seller ISeller USeller C","Seller Address 21","Courier"
1221,"Seller TSeller MSeller C","Seller Address 70","Express Shipping"
3211,"Seller ASeller TSeller P","Seller Address 92","Courier"
6156,"Seller KSeller XSeller M","Seller Address 74","Courier"
6005,"Seller ZSeller JSeller M","Seller Address 56","Express Shipping"
8032,"Seller OSeller NSeller Z","Seller Address 75","Express Shipping"
7035,"Seller KSeller GSeller O","Seller Address 2","Courier"
8723,"Seller ESeller ISeller N","Seller Address 19","Pickup"
5321,"Seller MSeller MSeller J","Seller Address 85","Courier"
9026,"Seller PSeller ZSeller K","Seller Address 8","Courier"
7586,"Seller TSeller HSeller B","Seller Address 22","Courier"
1801,"Seller PSeller TSeller X","Seller Address 60","Standard Shipping"
5033,"Seller YSeller JSeller D","Seller Address 83","Courier"
9863,"Seller RSeller WSeller G","Seller Address 87","Express Shipping"
1564,"Seller GSeller DSeller I","Seller Address 1","Courier"
3668,"Seller BSeller CSeller O","Seller Address 85","Standard Shipping"
6319,"Seller QSeller RSeller M","Seller Address 83","Express Shipping"
5726,"Seller CSeller QSeller Z","Seller Address 70","Courier"
2547,"Seller MSeller QSeller Y","Seller Address 41","Courier"
7642,"Seller SSeller ESeller P","Seller Address 17","Express Shipping"
7352,"Seller ISeller QSeller N","Seller Address 80","Pickup"
7038,"Seller VSeller TSeller K","Seller Address 86","Express Shipping"
2385,"Seller ESeller VSeller W","Seller Address 15","Pickup"
9948,"Seller WSeller LSeller U","Seller Address 94","Courier"
8809,"Seller YSeller RSeller B","Seller Address 40","Pickup"
6104,"Seller PSeller MSeller D","Seller Address 12","Pickup"
8904,"Seller SSeller WSeller K","Seller Address 58","Standard Shipping"
4623,"Seller DSeller HSeller R","Seller Address 28","Express Shipping"
1719,"Seller VSeller MSeller B","Seller Address 75","Standard Shipping"
1690,"Seller ESeller USeller K","Seller Address 13","Pickup"
2833,"Seller PSeller VSeller H","Seller Address 47","Courier"
2427,"Seller MSeller ESeller T","Seller Address 11","Express Shipping"
7866,"Seller YSeller KSeller Z","Seller Address 54","Pickup"
6371,"Seller WSeller BSeller E","Seller Address 36","Express Shipping"
7214,"Seller XSeller XSeller P","Seller Address 51","Standard Shipping"
4385,"Seller WSeller LSeller M","Seller Address 90","Pickup"
5118,"Seller MSeller QSeller F","Seller Address 25","Standard Shipping"
1371,"Seller NSeller ESeller Y","Seller Address 1","Pickup"
1165,"Seller QSeller USeller C","Seller Address 81","Express Shipping"
2350,"Seller ASeller ZSeller G","Seller Address 67","Standard Shipping"
9022,"Seller SSeller JSeller A","Seller Address 10","Standard Shipping"
4569,"Seller ASeller ZSeller A","Seller Address 22","Courier"
9415,"Seller ZSeller XSeller P","Seller Address 85","Pickup"
7105,"Seller TSeller OSeller A","Seller Address 20","Express Shipping"
2376,"Seller JSeller GSeller F","Seller Address 8","Courier"
1859,"Seller LSeller VSeller U","Seller Address 34","Standard Shipping"
1759,"Seller ASeller QSeller I","Seller Address 79","Express Shipping"
1537,"Seller GSeller KSeller Q","Seller Address 40","Express Shipping"
5473,"Seller KSeller OSeller R","Seller Address 66","Pickup"
6832,"Seller YSeller MSeller Q","Seller Address 16","Express Shipping"
2311,"Seller ESeller ISeller F","Seller Address 20","Courier"
4997,"Seller QSeller ESeller Q","Seller Address 63","Express Shipping"
5016,"Seller USeller HSeller K","Seller Address 82","Standard Shipping"
4762,"Seller JSeller MSeller A","Seller Address 52","Express Shipping"
1155,"Seller LSeller SSeller P","Seller Address 53","Courier"
2090,"Seller ISeller FSeller Z","Seller Address 56","Pickup"
1586,"Seller QSeller USeller O","Seller Address 21","Courier"
6534,"Seller TSeller BSeller Y","Seller Address 93","Pickup"
8884,"Seller ASeller FSeller V","Seller Address 34","Standard Shipping"
9965,"Seller HSeller KSeller E","Seller Address 13","Standard Shipping"
6317,"Seller ESeller KSeller I","Seller Address 98","Pickup"
2452,"Seller JSeller PSeller D","Seller Address 77","Express Shipping"
2337,"Seller XSeller OSeller O","Seller Address 10","Standard Shipping"
1507,"Seller MSeller OSeller G","Seller Address 60","Express Shipping"
5561,"Seller SSeller ESeller Z","Seller Address 24","Pickup"
3952,"Seller KSeller WSeller B","Seller Address 3","Standard Shipping"
2250,"Seller BSeller ISeller V","Seller Address 43","Pickup"
4338,"Seller OSeller BSeller C","Seller Address 79","Express Shipping"
9101,"Seller JSeller PSeller O","Seller Address 88","Express Shipping"
7370,"Seller PSeller PSeller Y","Seller Address 32","Standard Shipping"
1791,"Seller RSeller ASeller Y","Seller Address 96","Standard Shipping"
4394,"Seller FSeller LSeller A","Seller Address 36","Standard Shipping"
9305,"Seller KSeller USeller T","Seller Address 59","Standard Shipping"
2423,"Seller MSeller TSeller H","Seller Address 3","Courier"
7613,"Seller ASeller OSeller B","Seller Address 24","Standard Shipping"
4406,"Seller TSeller DSeller Q","Seller Address 49","Standard Shipping"
6125,"Seller USeller KSeller I","Seller Address 72","Courier"
9108,"Seller NSeller SSeller G","Seller Address 20","Courier"
8283,"Seller XSeller GSeller Q","Seller Address 63","Courier"
3380,"Seller ASeller HSeller G","Seller Address 87","Pickup"
2632,"Seller KSeller CSeller B","Seller Address 84","Courier"
6051,"Seller OSeller YSeller A","Seller Address 40","Courier"
5276,"Seller XSeller DSeller S","Seller Address 31","Pickup"
7537,"Seller FSeller HSeller V","Seller Address 28","Pickup"
4722,"Seller CSeller GSeller B","Seller Address 12","Standard Shipping"
5905,"Seller WSeller CSeller M","Seller Address 44","Pickup"
2106,"Seller PSeller VSeller G","Seller Address 16","Express Shipping"
3728,"Seller YSeller ASeller K","Seller Address 27","Pickup"
8325,"Seller CSeller ZSeller Z","Seller Address 37","Pickup"
1540,"Seller HSeller ASeller B","Seller Address 69","Pickup"
3435,"Seller LSeller HSeller I","Seller Address 73","Standard Shipping"
6070,"Seller ASeller WSeller A","Seller Address 73","Express Shipping"
7221,"Seller USeller USeller D","Seller Address 37","Standard Shipping"
8121,"Seller VSeller FSeller T","Seller Address 89","Pickup"
5392,"Seller VSeller XSeller J","Seller Address 41","Express Shipping"
9952,"Seller WSeller ISeller Q","Seller Address 31","Express Shipping"
2192,"Seller PSeller CSeller I","Seller Address 72","Standard Shipping"
4845,"Seller WSeller CSeller G","Seller Address 81","Standard Shipping"
1113,"Seller WSeller BSeller U","Seller Address 31","Pickup"
9591,"Seller QSeller PSeller L","Seller Address 56","Standard Shipping"
3375,"Seller XSeller QSeller L","Seller Address 71","Standard Shipping"
6687,"Seller CSeller DSeller M","Seller Address 3","Courier"
8524,"Seller GSeller BSeller H","Seller Address 87","Express Shipping"
2361,"Seller WSeller ESeller H","Seller Address 66","Express Shipping"
6637,"Seller SSeller MSeller L","Seller Address 21","Express Shipping"
7895,"Seller JSeller JSeller A","Seller Address 34","Courier"
1788,"Seller ZSeller HSeller H","Seller Address 4","Express Shipping"
8422,"Seller LSeller SSeller K","Seller Address 26","Courier"
1446,"Seller TSeller JSeller M","Seller Address 6","Courier"
4347,"Seller RSeller ZSeller F","Seller Address 79","Standard Shipping"
4040,"Seller TSeller SSeller Y","Seller Address 25","Courier"
5179,"Seller NSeller GSeller B","Seller Address 18","Express Shipping"
8274,"Seller ASeller KSeller O","Seller Address 79","Standard Shipping"
7610,"Seller PSeller SSeller O","Seller Address 67","Express Shipping"
4820,"Seller DSeller SSeller O","Seller Address 89","Express Shipping"
3946,"Seller FSeller TSeller E","Seller Address 65","Express Shipping"
9501,"Seller XSeller FSeller V","Seller Address 31","Pickup"
1736,"Seller FSeller BSeller Y","Seller Address 70","Courier"
3265,"Seller ASeller QSeller Q","Seller Address 7","Courier"
3085,"Seller KSeller YSeller M","Seller Address 13","Standard Shipping"
1412,"Seller ASeller HSeller X","Seller Address 31","Standard Shipping"
5078,"Seller NSeller JSeller A","Seller Address 74","Standard Shipping"
8943,"Seller ZSeller BSeller E","Seller Address 11","Express Shipping"
4973,"Seller ASeller ISeller U","Seller Address 20","Standard Shipping"
3321,"Seller LSeller QSeller J","Seller Address 31","Courier"
5050,"Seller BSeller MSeller N","Seller Address 14","Standard Shipping"
5196,"Seller HSeller HSeller P","Seller Address 55","Courier"
7670,"Seller YSeller WSeller N","Seller Address 36","Express Shipping"
1450,"Seller LSeller QSeller N","Seller Address 3","Courier"
6454,"Seller PSeller ISeller D","Seller Address 78","Express Shipping"
9459,"Seller ZSeller DSeller N","Seller Address 15","Standard Shipping"
9893,"Seller BSeller DSeller I","Seller Address 29","Standard Shipping"
1152,"Seller MSeller RSeller Y","Seller Address 19","Courier"
4670,"Seller BSeller WSeller D","Seller Address 57","Pickup"
7827,"Seller YSeller CSeller N","Seller Address 41","Standard Shipping"
3064,"Seller NSeller HSeller S","Seller Address 12","Courier"
3791,"Seller ISeller ZSeller S","Seller Address 86","Pickup"
7430,"Seller ISeller ZSeller H","Seller Address 74","Pickup"
8500,"Seller LSeller HSeller B","Seller Address 32","Standard Shipping"
7095,"Seller HSeller MSeller U","Seller Address 36","Standard Shipping"
1465,"Seller YSeller MSeller N","Seller Address 81","Pickup"
5993,"Seller JSeller ZSeller P","Seller Address 86","Courier"
5015,"Seller PSeller RSeller C","Seller Address 33","Courier"
9667,"Seller SSeller TSeller J","Seller Address 98","Standard Shipping"
9054,"Seller ISeller ISeller Q","Seller Address 99","Standard Shipping"
3549,"Seller HSeller DSeller B","Seller Address 61","Standard Shipping"
1130,"Seller YSeller XSeller P","Seller Address 41","Pickup"
2677,"Seller FSeller YSeller U","Seller Address 7","Pickup"
6762,"Seller VSeller KSeller T","Seller Address 74","Pickup"
7332,"Seller ESeller YSeller S","Seller Address 92","Courier"
5803,"Seller ESeller XSeller I","Seller Address 19","Courier"
8917,"Seller USeller ASeller W","Seller Address 33","Standard Shipping"
4910,"Seller XSeller LSeller M","Seller Address 31","Standard Shipping"
2617,"Seller OSeller WSeller K","Seller Address 26","Standard Shipping"
2111,"Seller FSeller RSeller X","Seller Address 77","Standard Shipping"
2575,"Seller ISeller SSeller N","Seller Address 2","Express Shipping"
8711,"Seller OSeller ZSeller D","Seller Address 9","Pickup"
6374,"Seller HSeller KSeller Q","Seller Address 62","Pickup"
3182,"Seller CSeller GSeller Q","Seller Address 40","Pickup"
3099,"Seller RSeller KSeller J","Seller Address 51","Express Shipping"
3684,"Seller DSeller TSeller O","Seller Address 54","Courier"
3605,"Seller MSeller FSeller O","Seller Address 85","Courier"
1605,"Seller HSeller KSeller F","Seller Address 43","Pickup"
7235,"Seller ASeller KSeller Q","Seller Address 22","Standard Shipping"
8373,"Seller MSeller XSeller W","Seller Address 38","Standard Shipping"
9284,"Seller PSeller GSeller C","Seller Address 77","Courier"
7779,"Seller ZSeller ASeller A","Seller Address 84","Express Shipping"
4288,"Seller RSeller XSeller M","Seller Address 20","Express Shipping"
1541,"Seller HSeller MSeller N","Seller Address 4","Standard Shipping"
6538,"Seller WSeller YSeller Z","Seller Address 67","Courier"
5926,"Seller FSeller XSeller G","Seller Address 37","Courier"
6308,"Seller ISeller NSeller I","Seller Address 38","Express Shipping"
3672,"Seller PSeller JSeller S","Seller Address 70","Courier"
5180,"Seller VSeller TSeller F","Seller Address 72","Express Shipping"
6332,"Seller HSeller USeller K","Seller Address 100","Express Shipping"
4536,"Seller SSeller XSeller Y","Seller Address 49","Express Shipping"
2935,"Seller ISeller OSeller K","Seller Address 37","Standard Shipping"
